<CATALOG>
<CONTACT>
<CONTACT_NAME>Rana</CONTACT_NAME>
<CONTACT_PROFESSION>Engineer</CONTACT_PROFESSION>
<CONTACT_MOBILE_NUMBER>78919854</CONTACT_MOBILE_NUMBER>
<CONTACT_TEL_NUMBER>01649639</CONTACT_TEL_NUMBER>
<ADDRESS>beirut</ADDRESS>
</CONTACT>
<CONTACT>
<CONTACT_NAME>Lea</CONTACT_NAME>
<CONTACT_PROFESSION>Marketing</CONTACT_PROFESSION>
<CONTACT_MOBILE_NUMBER>70824902</CONTACT_MOBILE_NUMBER>
<CONTACT_TEL_NUMBER>01987123</CONTACT_TEL_NUMBER>
<ADDRESS>Hamra</ADDRESS>
</CONTACT>
<CONTACT>
<CONTACT_NAME>Sami</CONTACT_NAME>
<CONTACT_PROFESSION>Engineer</CONTACT_PROFESSION>
<CONTACT_MOBILE_NUMBER>70820098</CONTACT_MOBILE_NUMBER>
<CONTACT_TEL_NUMBER>01987120</CONTACT_TEL_NUMBER>
<ADDRESS>Verdun</ADDRESS>
</CONTACT>
</CATALOG>